timestamp_ms,temp,hum,pres,gas_kohm,label
8799,20.21,20.02,1026.01,36.3,normal
10207,20.09,19.99,1026.02,42.91,normal
11616,20.03,19.95,1026.02,49.32,normal
13025,19.99,19.89,1026.02,53.96,normal
14434,19.98,19.85,1026.02,58.35,normal
15843,19.97,19.81,1026.01,61.82,normal
17252,19.98,19.78,1026.01,64.53,normal
18661,19.99,19.74,1026.01,67.28,normal
20070,20,19.71,1026,69.41,normal
21479,20.01,19.66,1026.01,71.39,normal
22888,20.02,19.63,1026.01,73.16,normal
24297,20.04,19.59,1026.02,74.83,normal
25706,20.05,19.58,1026.01,75.9,normal
27115,20.06,19.57,1026.02,77.48,normal
28524,20.07,19.58,1026.02,78.05,normal
29933,20.09,19.59,1026.02,79.35,normal
31342,20.1,19.6,1026.02,80.1,normal
32751,20.11,19.6,1026.02,81.01,normal
34160,20.12,19.61,1026.02,81.55,normal
35569,20.13,19.61,1026.01,82.58,normal
36978,20.14,19.61,1026.01,83.14,normal
38387,20.15,19.62,1026.02,83.31,normal
39796,20.16,19.65,1026.02,83.96,normal
41205,20.17,19.69,1026.02,84.8,normal
42614,20.18,19.74,1026.03,84.63,normal
44023,20.18,19.8,1026.03,85.13,normal
45432,20.19,19.84,1026.04,85.99,normal
46841,20.2,19.88,1026.04,85.91,normal
48250,20.2,19.9,1026.04,86.87,normal
49659,20.21,19.92,1026.05,86.78,normal
51068,20.21,19.93,1026.04,87.04,normal
52477,20.22,19.95,1026.04,87.49,normal
53886,20.22,19.95,1026.04,88.21,normal
55295,20.23,19.95,1026.03,88.4,normal
56704,20.23,19.95,1026.03,89.32,normal
58113,20.23,19.94,1026.03,89.04,normal
59522,20.23,19.91,1026.02,89.42,normal
60931,20.23,19.87,1026.02,90.27,normal
62340,20.23,19.84,1026.01,90.17,normal
63749,20.23,19.82,1026.01,90.17,normal
65158,20.23,19.79,1026.01,90.65,normal
66567,20.23,19.78,1026.02,91.14,normal
67976,20.23,19.76,1026.01,91.14,normal
69385,20.24,19.76,1026.01,91.72,normal
70794,20.24,19.75,1026.01,91.92,normal
72203,20.24,19.74,1026.01,92.12,normal
73612,20.24,19.74,1026.01,91.92,normal
75021,20.25,19.73,1026.01,92.22,normal
76430,20.25,19.71,1026.01,92.32,normal
77839,20.25,19.7,1026.01,94.27,normal
79248,20.24,19.68,1026.01,94.48,normal
80657,20.24,19.65,1026.01,94.69,normal
82066,20.24,19.6,1026.01,94.59,normal
83475,20.24,19.54,1026.01,94.9,normal
84884,20.24,19.49,1026.01,95.43,normal
86293,20.24,19.46,1026.01,95.54,normal
87702,20.24,19.44,1026.01,95.7,normal
89111,20.24,19.44,1026.01,95.75,normal
90520,20.24,19.45,1026.01,96.13,normal
91929,20.24,19.46,1026,95.43,normal
93338,20.24,19.45,1026.01,96.19,normal
94747,20.24,19.46,1026.01,96.29,normal
96156,20.24,19.47,1026.01,96.46,normal
97565,20.24,19.47,1026.01,96.57,normal
113493,21.04,21.13,1026.04,27.29,normal
114902,20.87,21.07,1026.03,34.15,normal
116311,20.77,20.98,1026.02,40.35,normal
117720,20.72,20.89,1026.02,45.71,normal
119129,20.69,20.8,1026.02,51.21,normal
120538,20.68,20.72,1026.02,54.9,normal
121947,20.68,20.66,1026.03,58.27,normal
123356,20.68,20.66,1026.04,60.76,normal
124765,20.69,20.7,1026.04,63.52,normal
126174,20.7,20.72,1026.05,65.27,normal
127583,20.71,20.72,1026.05,67.39,normal
128992,20.73,20.71,1026.05,69.08,normal
130401,20.74,20.69,1026.05,70.56,normal
131810,20.75,20.66,1026.05,71.81,normal
133219,20.76,20.66,1026.05,72.85,normal
134628,20.77,20.67,1026.04,73.73,normal
136037,20.78,20.78,1026.04,74.12,normal
137446,20.79,20.94,1026.04,74.96,normal
138855,20.8,21.08,1026.04,75.9,normal
140264,20.81,21.17,1026.03,76.78,normal
141673,20.82,21.22,1026.03,77.27,normal
143082,20.82,21.23,1026.02,78.26,normal
144491,20.83,21.21,1026.01,78.77,normal
145900,20.84,21.19,1026.01,79.65,normal
147309,20.84,21.15,1026.01,80.33,normal
148718,20.85,21.1,1026,80.71,normal
150127,20.85,21.03,1026,81.4,normal
151536,20.85,20.94,1026,82.18,normal
152945,20.86,20.86,1026,82.66,normal
154354,20.86,20.79,1026,83.22,normal
155763,20.86,20.73,1026,83.63,normal
157172,20.86,20.67,1026,83.88,normal
158581,20.86,20.63,1026,84.38,normal
159990,20.87,20.59,1026,84.63,normal
161399,20.87,20.57,1026,85.05,normal
162808,20.87,20.55,1026,85.3,normal
164217,20.88,20.54,1026,85.65,normal
165626,20.88,20.52,1026,85.91,normal
167035,20.88,20.49,1026.01,86.69,normal
168444,20.88,20.45,1026.01,86.78,normal
169853,20.88,20.41,1026.01,86.96,normal
171262,20.88,20.37,1026.01,87.4,normal
172671,20.88,20.35,1026.01,87.58,normal
174080,20.88,20.34,1026.01,87.67,normal
175489,20.89,20.38,1026.01,87.58,normal
176898,20.89,20.44,1026.01,87.58,normal
178307,20.89,20.52,1026.01,87.94,normal
179716,20.89,20.59,1026,87.49,normal
181125,20.9,20.67,1026,87.58,normal
182534,20.9,20.76,1026.01,87.58,normal
183943,20.91,20.83,1026.01,87.85,normal
185352,20.91,20.88,1026.01,88.03,normal
186761,20.91,20.93,1026.01,88.03,normal
188170,20.92,20.99,1026.01,87.94,normal
189579,20.92,21.05,1026.01,88.12,normal
190988,20.92,21.09,1026.01,88.12,normal
192397,20.93,21.11,1026.02,88.58,normal
193806,20.93,21.14,1026.02,88.58,normal
195215,20.93,21.17,1026.01,88.95,normal
196624,20.93,21.19,1026.02,88.95,normal
198033,20.93,21.22,1026.01,88.95,normal
199442,20.94,21.24,1026.02,89.14,normal
200851,20.94,21.27,1026.02,89.42,normal
202260,20.94,21.29,1026.02,89.32,normal
252440,20.07,21.17,1026.01,33.85,normal
253849,19.99,21.12,1026.01,41.98,normal
255258,19.96,21.04,1026.01,50.04,normal
256667,19.95,20.97,1026,56.57,normal
258076,19.96,20.9,1026,61.82,normal
259485,19.97,20.85,1026,65.93,normal
260894,19.99,20.79,1026.01,69.64,normal
262303,20.02,20.74,1026.02,72.85,normal
263712,20.04,20.69,1026,74.7,normal
265121,20.06,20.66,1026,76.71,normal
266530,20.08,20.62,1025.99,78.19,normal
267939,20.09,20.54,1025.99,78.7,normal
269348,20.11,20.52,1026,79.13,normal
270757,20.12,20.64,1026,80.48,normal
272166,20.13,20.77,1026,81.4,normal
273575,20.15,20.93,1026,81.63,normal
274984,20.16,21.11,1026.01,82.9,normal
276393,20.17,21.21,1026,84.13,normal
277802,20.18,21.3,1026,85.05,normal
279211,20.19,21.35,1025.99,85.65,normal
280620,20.2,21.35,1025.99,85.99,normal
282029,20.21,21.28,1025.99,87.4,normal
283438,20.22,21.18,1025.99,88.03,normal
284847,20.23,21.08,1026,88.21,normal
286256,20.23,20.97,1025.99,89.32,normal
287665,20.24,20.87,1026,89.79,normal
289074,20.25,20.79,1025.99,90.46,normal
290483,20.25,20.71,1025.99,90.46,normal
291892,20.26,20.64,1025.99,90.65,normal
293301,20.26,20.56,1025.99,91.53,normal
294710,20.27,20.49,1026,91.14,normal
296119,20.27,20.43,1026,91.92,normal
297528,20.28,20.38,1026,91.82,normal
298937,20.29,20.34,1026.01,92.22,normal
300346,20.29,20.3,1026.01,93.86,normal
301755,20.3,20.25,1026.01,91.92,normal
303164,20.3,20.21,1026,94.06,normal
304573,20.31,20.18,1026,94.59,normal
305982,20.31,20.19,1025.99,94.43,normal
307391,20.31,20.22,1025.99,94.38,normal
308800,20.32,20.24,1025.98,94.64,normal
310209,20.32,20.26,1025.98,94.95,normal
311618,20.32,20.26,1025.99,95.49,normal
313027,20.33,20.25,1025.99,96.19,normal
314436,20.33,20.24,1026,95.59,normal
315845,20.33,20.23,1026,96.4,normal
317254,20.33,20.23,1026.01,96.08,normal
318663,20.34,20.22,1026.02,96.4,normal
320072,20.34,20.21,1026.02,96.51,normal
321481,20.34,20.2,1026.03,96.95,normal
322890,20.34,20.18,1026.03,96.95,normal
324299,20.35,20.16,1026.03,96.95,normal
325708,20.35,20.14,1026.03,96.95,normal
327117,20.35,20.13,1026.03,97.56,normal
328526,20.35,20.13,1026.03,97.23,normal
329935,20.36,20.11,1026.02,97.73,normal
331344,20.36,20.11,1026.02,97.67,normal
332753,20.36,20.1,1026.02,97.45,normal
334162,20.36,20.09,1026.02,97.62,normal
335571,20.36,20.06,1026.01,98.23,normal
336980,20.36,20.03,1026.01,98.52,normal
338389,20.36,20.02,1026.01,98.63,normal
339798,20.36,20.02,1026.01,98.92,normal
341207,20.36,19.99,1026,98.97,normal
442078,20.1,20.74,1026.01,42.1,normal
443487,19.95,20.72,1026.01,51.9,normal
444896,19.86,20.65,1026.01,59.78,normal
446305,19.81,20.59,1026.02,65.83,normal
447714,19.78,20.52,1026.02,70.5,normal
449123,19.78,20.46,1026.02,74.44,normal
450532,19.78,20.42,1026.02,77.69,normal
451941,19.79,20.36,1026.02,79.72,normal
453350,19.8,20.32,1026.02,82.02,normal
454759,19.82,20.28,1026.02,84.13,normal
456168,19.84,20.25,1026.02,85.3,normal
457577,19.86,20.21,1026.02,86.87,normal
458986,19.87,20.19,1026.01,87.67,normal
460395,19.89,20.19,1026.01,88.12,normal
461804,19.9,20.24,1026.01,88.95,normal
463213,19.91,20.25,1026.01,90.27,normal
464622,19.92,20.23,1026.01,90.84,normal
466031,19.93,20.19,1026.01,91.23,normal
467440,19.93,20.14,1026.01,91.92,normal
468849,19.94,20.09,1026.01,93.86,normal
470258,19.95,20.05,1026.01,94.69,normal
471667,19.96,20.02,1026.01,94.38,normal
473076,19.97,20,1026.02,95.11,normal
474485,19.98,19.98,1026.02,95.75,normal
475894,19.99,19.97,1026.02,96.29,normal
477303,20,19.95,1026.03,96.29,normal
478712,20,19.95,1026.03,95.86,normal
480121,20.01,19.94,1026.04,96.73,normal
481530,20.02,19.94,1026.04,96.46,normal
482939,20.03,19.98,1026.04,96.4,normal
484348,20.04,20.04,1026.05,96.24,normal
485757,20.05,20.11,1026.05,96.29,normal
487166,20.05,20.16,1026.05,97.5,normal
488575,20.06,20.19,1026.05,97.45,normal
489984,20.06,20.19,1026.06,97.67,normal
491393,20.07,20.18,1026.07,97.62,normal
492802,20.07,20.16,1026.07,98.23,normal
494211,20.08,20.12,1026.07,98.57,normal
495620,20.08,20.09,1026.06,98.52,normal
497029,20.09,20.07,1026.06,98.52,normal
498438,20.09,20.03,1026.05,98.75,normal
499847,20.1,20.01,1026.07,99.03,normal
501256,20.1,19.99,1026.08,99.26,normal
502665,20.11,19.98,1026.08,99.26,normal
504074,20.11,19.97,1026.08,98.57,normal
505483,20.09,19.9,1026.07,100.25,normal
506892,20.07,19.71,1026.05,100.85,normal
508301,20.05,19.56,1026.04,100.97,normal
509710,20.03,19.5,1026.03,100.91,normal
511119,20.02,19.46,1026.03,101.2,normal
512528,20.01,19.43,1026.02,101.39,normal
513937,20,19.42,1026.02,100.73,normal
515346,19.99,19.43,1026.01,100.97,normal
516755,19.98,19.43,1026,101.2,normal
518164,19.98,19.45,1026,100.73,normal
519573,19.97,19.48,1026,101.2,normal
520982,19.97,19.53,1026,101.03,normal
522391,19.97,19.59,1026,101.26,normal
523800,19.97,19.63,1026,101.45,normal
525209,19.97,19.67,1026,101.2,normal
526618,19.97,19.71,1026.01,101.2,normal
528027,19.98,19.73,1026,101.26,normal
529436,19.98,19.75,1026,101.26,normal
530845,19.99,19.76,1026,101.81,normal
630694,19.82,21.1,1026.02,42.78,normal
632103,19.75,21.07,1026.03,52.28,normal
633512,19.71,21.02,1026.04,59.74,normal
634921,19.7,20.96,1026.04,66.23,normal
636330,19.71,20.9,1026.05,71.03,normal
637739,19.72,20.83,1026.05,74.83,normal
639148,19.74,20.77,1026.08,77.91,normal
640557,19.77,20.7,1026.09,80.48,normal
641966,19.79,20.63,1026.1,82.58,normal
643375,19.81,20.58,1026.1,84.54,normal
644784,19.83,20.52,1026.09,85.82,normal
646193,19.85,20.48,1026.08,87.49,normal
647602,19.86,20.45,1026.07,88.21,normal
649011,19.88,20.43,1026.06,88.95,normal
650420,19.89,20.39,1026.05,89.89,normal
651829,19.9,20.34,1026.05,89.98,normal
653238,19.91,20.29,1026.04,91.82,normal
654647,19.92,20.25,1026.04,92.12,normal
656056,19.93,20.21,1026.04,94.17,normal
657465,19.95,20.19,1026.05,94.64,normal
658874,19.96,20.19,1026.05,94.59,normal
660283,19.97,20.2,1026.06,95.22,normal
661692,19.98,20.19,1026.07,96.24,normal
663101,19.98,20.19,1026.08,96.19,normal
664510,19.99,20.17,1026.09,96.57,normal
665919,19.99,20.13,1026.11,96.29,normal
667328,20,20.1,1026.12,97.56,normal
668737,20.01,20.06,1026.14,98.01,normal
670146,20.01,20.02,1026.14,98.18,normal
671555,20.01,19.98,1026.14,97.84,normal
672964,20.01,19.94,1026.15,98.75,normal
674373,20.02,19.89,1026.15,98.86,normal
675782,20.01,19.83,1026.16,99.61,normal
677191,20.01,19.76,1026.15,99.61,normal
678600,20.01,19.72,1026.15,99.73,normal
680009,20.01,19.71,1026.14,100.19,normal
681418,20.01,19.7,1026.11,100.25,normal
682827,20.01,19.7,1026.08,99.9,normal
684236,20.01,19.7,1026.06,100.02,normal
685645,20.01,19.7,1026.03,100.37,normal
687054,20.02,19.7,1026,100.19,normal
688463,20.02,19.7,1025.97,100.55,normal
689872,20.02,19.7,1025.96,101.2,normal
691281,20.03,19.7,1025.96,100.61,normal
692690,20.03,19.7,1025.95,100.67,normal
694099,20.03,19.7,1025.95,100.85,normal
695508,20.04,19.7,1025.96,101.03,normal
696917,20.04,19.7,1025.97,101.2,normal
698326,20.05,19.71,1025.97,101.2,normal
699735,20.05,19.72,1025.98,101.08,normal
701144,20.06,19.73,1025.99,101.08,normal
702553,20.06,19.74,1026,101.08,normal
703962,20.06,19.73,1026.01,101.26,normal
705371,20.07,19.71,1026.02,101.39,normal
706780,20.07,19.69,1026.02,101.45,normal
708189,20.07,19.68,1026.03,101.26,normal
709598,20.08,19.67,1026.03,102.36,normal
711007,20.08,19.65,1026.03,102.11,normal
712416,20.08,19.65,1026.02,102.24,normal
713825,20.08,19.66,1026.03,102.11,normal
715234,20.08,19.69,1026.02,101.57,normal
716643,20.09,19.74,1026.02,101.57,normal
718052,20.09,19.82,1026.02,102.17,normal
719461,20.1,19.87,1026.02,101.57,normal
800974,19.94,21.83,1026.03,44.76,normal
802383,19.87,21.72,1026.04,54.83,normal
803792,19.84,21.58,1026.05,62.27,normal
805201,19.84,21.43,1026.05,68.69,normal
806610,19.85,21.28,1026.05,72.54,normal
808019,19.86,21.14,1026.05,76.37,normal
809428,19.88,21.01,1026.05,79.43,normal
810837,19.9,20.91,1026.04,82.02,normal
812246,19.92,20.8,1026.05,83.8,normal
813655,19.94,20.71,1026.06,85.56,normal
815064,19.96,20.64,1026.06,87.04,normal
816473,19.98,20.57,1026.06,88.31,normal
817882,19.99,20.51,1026.06,89.7,normal
819291,20,20.49,1026.07,90.08,normal
820700,20.02,20.48,1026.06,90.94,normal
822109,20.03,20.49,1026.07,91.04,normal
823518,20.04,20.5,1026.06,92.22,normal
824927,20.05,20.51,1026.06,92.32,normal
826336,20.05,20.52,1026.06,92.42,normal
827745,20.06,20.53,1026.06,94.32,normal
829154,20.07,20.55,1026.05,94.17,normal
830563,20.08,20.57,1026.05,94.69,normal
831972,20.09,20.58,1026.05,94.85,normal
833381,20.09,20.58,1026.05,95.54,normal
834790,20.1,20.56,1026.06,95.92,normal
836199,20.11,20.54,1026.07,96.24,normal
837608,20.12,20.54,1026.07,96.62,normal
839017,20.12,20.53,1026.07,96.57,normal
840426,20.13,20.5,1026.08,97.39,normal
841835,20.13,20.48,1026.08,97.12,normal
843244,20.14,20.44,1026.08,97.95,normal
844653,20.15,20.41,1026.08,97.62,normal
846062,20.15,20.38,1026.08,98.29,normal
847471,20.16,20.34,1026.08,98.18,normal
848880,20.16,20.32,1026.08,98.75,normal
850289,20.17,20.3,1026.08,98.23,normal
851698,20.17,20.27,1026.09,98.46,normal
853107,20.18,20.24,1026.09,98.4,normal
854516,20.18,20.22,1026.09,98.46,normal
855925,20.19,20.2,1026.09,98.23,normal
857334,20.19,20.19,1026.09,98.69,normal
858743,20.2,20.17,1026.08,98.63,normal
860152,20.2,20.16,1026.08,99.2,normal
861561,20.2,20.13,1026.09,100.08,normal
862970,20.21,20.11,1026.09,99.84,normal
864379,20.21,20.09,1026.1,99.78,normal
865788,20.21,20.07,1026.1,100.14,normal
867197,20.21,20.06,1026.11,99.9,normal
868606,20.22,20.05,1026.1,100.49,normal
870015,20.22,20.04,1026.11,100.43,normal
871424,20.22,20.02,1026.11,100.61,normal
872833,20.22,20.01,1026.11,100.67,normal
874242,20.23,20,1026.12,100.79,normal
875651,20.23,20,1026.12,101.03,normal
877060,20.23,20,1026.12,100.85,normal
878469,20.23,20,1026.12,100.73,normal
879878,20.23,20,1026.12,100.49,normal
881287,20.24,20.01,1026.11,101.03,normal
882696,20.24,20.01,1026.11,101.03,normal
884105,20.24,20.01,1026.11,101.03,normal
885514,20.25,20.01,1026.11,101.45,normal
886923,20.25,20.02,1026.11,100.97,normal
888332,20.25,20.03,1026.11,101.39,normal
889741,20.26,20.03,1026.11,101.14,normal
992697,20.07,20.94,1026.11,40.62,normal
994106,19.97,20.88,1026.13,50.04,normal
995515,19.92,20.81,1026.14,57.64,normal
996924,19.9,20.72,1026.15,64.19,normal
998333,19.9,20.65,1026.15,69.3,normal
999742,19.91,20.57,1026.15,73.16,normal
1001151,19.92,20.49,1026.15,76.51,normal
1002560,19.94,20.42,1026.16,79.13,normal
1003969,19.96,20.35,1026.16,81.4,normal
1005378,19.98,20.3,1026.16,83.22,normal
1006787,20,20.25,1026.15,84.8,normal
1008196,20.01,20.22,1026.15,86.34,normal
1009605,20.03,20.19,1026.14,87.49,normal
1011014,20.04,20.17,1026.13,88.4,normal
1012423,20.05,20.17,1026.14,89.04,normal
1013832,20.07,20.15,1026.14,89.98,normal
1015241,20.08,20.13,1026.14,91.43,normal
1016650,20.09,20.12,1026.13,91.72,normal
1018059,20.1,20.09,1026.13,92.32,normal
1019468,20.1,20.06,1026.12,94.12,normal
1020877,20.11,20.03,1026.12,94.48,normal
1022286,20.12,20.01,1026.12,94.95,normal
1023695,20.13,19.98,1026.12,96.13,normal
1025104,20.13,19.97,1026.13,96.08,normal
1026513,20.14,19.96,1026.12,96.62,normal
1027922,20.15,19.94,1026.11,96.79,normal
1029331,20.15,19.93,1026.1,97.06,normal
1030740,20.16,19.92,1026.1,97.06,normal
1032149,20.16,19.92,1026.09,97.78,normal
1033558,20.17,19.91,1026.08,97.67,normal
1034967,20.17,19.9,1026.07,98.23,normal
1036376,20.18,19.89,1026.07,98.4,normal
1037785,20.18,19.87,1026.07,98.63,normal
1039194,20.19,19.86,1026.07,98.69,normal
1040603,20.19,19.83,1026.06,98.92,normal
1042012,20.19,19.8,1026.07,99.03,normal
1043421,20.2,19.79,1026.06,99.49,normal
1044830,20.2,19.77,1026.06,99.55,normal
1046239,20.2,19.74,1026.06,100.19,normal
1047648,20.2,19.72,1026.07,100.14,normal
1049057,20.21,19.71,1026.07,100.02,normal
1050466,20.21,19.7,1026.07,100.37,normal
1051875,20.21,19.7,1026.08,100.37,normal
1053284,20.22,19.69,1026.08,100.55,normal
1054693,20.22,19.69,1026.09,101.2,normal
1056102,20.23,19.71,1026.08,100.31,normal
1057511,20.23,19.72,1026.09,100.67,normal
1058920,20.23,19.73,1026.09,100.73,normal
1060329,20.23,19.76,1026.08,100.25,normal
1061738,20.23,19.78,1026.08,101.45,normal
1063147,20.24,19.79,1026.08,100.97,normal
1064556,20.24,19.8,1026.09,100.97,normal
1065965,20.24,19.79,1026.08,101.26,normal
1067374,20.25,19.79,1026.09,100.91,normal
1068783,20.25,19.8,1026.09,100.85,normal
1070192,20.26,19.82,1026.09,100.97,normal
1071601,20.26,19.83,1026.1,100.55,normal
1073010,20.26,19.85,1026.1,100.25,normal
1074419,20.27,19.88,1026.1,100.49,normal
1075828,20.27,19.9,1026.11,100.14,normal
1077237,20.28,19.93,1026.12,100.55,normal
1078646,20.28,19.94,1026.12,100.73,normal
1080055,20.28,19.96,1026.12,100.97,normal
1081464,20.28,19.97,1026.12,101.2,normal
1352228,20.1,21.09,1026.11,24.52,smoke
1353636,20.01,21.03,1026.11,30.42,smoke
1355045,19.97,20.95,1026.1,36.36,smoke
1356454,19.96,20.87,1026.1,41.61,smoke
1357863,19.96,20.82,1026.11,45.96,smoke
1359272,19.98,20.77,1026.1,50.75,smoke
1360681,20,20.75,1026.1,54.34,smoke
1362090,20.02,20.76,1026.09,57.68,smoke
1363499,20.04,20.78,1026.08,60.46,smoke
1364908,20.06,20.79,1026.08,63.1,smoke
1366317,20.08,20.75,1026.08,65.47,smoke
1367726,20.1,20.7,1026.07,67.33,smoke
1369135,20.11,20.62,1026.07,69.02,smoke
1370544,20.13,20.57,1026.07,70.5,smoke
1371953,20.14,20.51,1026.07,71.93,smoke
1373362,20.16,20.47,1026.07,72.73,smoke
1374771,20.17,20.44,1026.07,73.8,smoke
1376180,20.18,20.39,1026.07,74.96,smoke
1377589,20.19,20.35,1026.08,75.43,smoke
1378998,20.2,20.3,1026.08,76.37,smoke
1380407,20.2,20.26,1026.08,77.06,smoke
1381816,20.21,20.22,1026.08,77.83,smoke
1383225,20.22,20.2,1026.09,77.34,smoke
1384634,20.23,20.18,1026.1,76.44,smoke
1386043,20.23,20.17,1026.1,76.17,smoke
1387452,20.24,20.16,1026.1,74.96,smoke
1388861,20.25,20.16,1026.1,75.29,smoke
1390270,20.25,20.15,1026.11,75.56,smoke
1391679,20.26,20.13,1026.13,76.44,smoke
1393088,20.27,20.12,1026.15,76.99,smoke
1394497,20.27,20.1,1026.15,77.06,smoke
1395906,20.28,20.07,1026.14,77.34,smoke
1397315,20.28,20.06,1026.14,77.83,smoke
1398724,20.29,20.05,1026.14,78.12,smoke
1400133,20.29,20.03,1026.14,78.55,smoke
1401542,20.3,20.01,1026.13,78.7,smoke
1402951,20.3,19.99,1026.14,78.84,smoke
1404360,20.31,19.98,1026.13,78.91,smoke
1405769,20.31,19.96,1026.13,79.58,smoke
1407178,20.32,19.95,1026.14,80.17,smoke
1408587,20.32,19.93,1026.13,80.1,smoke
1409996,20.33,19.91,1026.12,80.71,smoke
1411405,20.33,19.88,1026.12,81.24,smoke
1412814,20.33,19.86,1026.12,81.55,smoke
1414223,20.34,19.84,1026.11,81.87,smoke
1415632,20.34,19.82,1026.11,81.95,smoke
1417041,20.34,19.81,1026.11,82.18,smoke
1418450,20.35,19.81,1026.11,81.71,smoke
1419859,20.35,19.81,1026.12,81.87,smoke
1421268,20.35,19.8,1026.1,82.42,smoke
1422677,20.36,19.8,1026.1,82.58,smoke
1424086,20.36,19.8,1026.1,82.5,smoke
1425495,20.36,19.8,1026.09,82.34,smoke
1426904,20.37,19.81,1026.09,82.1,smoke
1428313,20.37,19.83,1026.1,81.95,smoke
1429722,20.37,19.83,1026.1,82.98,smoke
1431131,20.38,19.83,1026.11,83.31,smoke
1432540,20.38,19.8,1026.12,83.55,smoke
1433949,20.38,19.79,1026.06,83.55,smoke
1435358,20.39,19.77,1026.07,83.55,smoke
1436767,20.39,19.78,1026.03,83.55,smoke
1438176,20.4,19.79,1026.06,82.9,smoke
1439585,20.4,19.8,1026.07,83.39,smoke
1440994,20.41,19.81,1026.09,82.82,smoke
1475979,20.28,20.72,1026.08,43.57,smoke
1477388,20.22,20.73,1026.09,51.93,smoke
1478797,20.2,20.71,1026.09,58.27,smoke
1480206,20.2,20.65,1026.09,63.15,smoke
1481615,20.22,20.59,1026.11,67.12,smoke
1483024,20.24,20.53,1026.1,69.81,smoke
1484433,20.27,20.47,1026.1,71.75,smoke
1485842,20.29,20.4,1026.1,73.29,smoke
1487251,20.31,20.35,1026.11,75.03,smoke
1488660,20.34,20.31,1026.1,76.51,smoke
1490069,20.36,20.27,1026.11,77.41,smoke
1491478,20.37,20.22,1026.1,78.26,smoke
1492887,20.39,20.18,1026.1,79.21,smoke
1494296,20.4,20.14,1026.1,79.65,smoke
1495705,20.41,20.1,1026.1,80.48,smoke
1497114,20.43,20.08,1026.1,80.78,smoke
1498523,20.43,20.05,1026.1,81.87,smoke
1499932,20.44,20.02,1026.1,81.79,smoke
1501341,20.45,20.01,1026.1,81.79,smoke
1502750,20.46,19.99,1026.11,82.18,smoke
1504159,20.46,19.97,1026.11,82.98,smoke
1505568,20.47,19.95,1026.12,83.31,smoke
1506977,20.47,19.93,1026.12,83.8,smoke
1508386,20.48,19.9,1026.12,83.8,smoke
1509795,20.48,19.88,1026.11,84.29,smoke
1511204,20.48,19.87,1026.11,84.63,smoke
1512613,20.48,19.85,1026.11,84.8,smoke
1514022,20.49,19.84,1026.11,84.88,smoke
1515431,20.49,19.82,1026.11,84.96,smoke
1516840,20.49,19.82,1026.11,85.3,smoke
1518249,20.49,19.81,1026.11,85.39,smoke
1519658,20.5,19.8,1026.11,85.3,smoke
1521067,20.5,19.8,1026.12,85.47,smoke
1522476,20.5,19.8,1026.11,85.73,smoke
1523885,20.5,19.8,1026.12,85.65,smoke
1525294,20.5,19.81,1026.12,85.56,smoke
1526703,20.51,19.81,1026.12,85.91,smoke
1528112,20.51,19.81,1026.12,85.82,smoke
1529521,20.51,19.81,1026.12,85.91,smoke
1530930,20.51,19.8,1026.12,85.65,smoke
1532339,20.51,19.81,1026.12,85.82,smoke
1533748,20.51,19.79,1026.12,86.25,smoke
1535157,20.51,19.76,1026.12,86.51,smoke
1536566,20.51,19.74,1026.12,87.04,smoke
1537975,20.51,19.71,1026.13,86.87,smoke
1539384,20.51,19.7,1026.12,87.04,smoke
1540793,20.51,19.68,1026.13,87.4,smoke
1542202,20.51,19.66,1026.13,87.22,smoke
1543611,20.51,19.66,1026.12,87.22,smoke
1545020,20.51,19.66,1026.13,87.04,smoke
1546429,20.51,19.66,1026.13,87.13,smoke
1547838,20.51,19.66,1026.12,87.31,smoke
1549247,20.51,19.67,1026.12,87.22,smoke
1550656,20.51,19.68,1026.12,87.04,smoke
1552065,20.51,19.67,1026.12,87.22,smoke
1553474,20.51,19.67,1026.12,87.58,smoke
1554883,20.51,19.66,1026.12,87.13,smoke
1556292,20.51,19.65,1026.12,88.03,smoke
1557701,20.5,19.64,1026.12,88.12,smoke
1559110,20.5,19.63,1026.11,88.31,smoke
1560519,20.5,19.62,1026.11,88.03,smoke
1561928,20.5,19.61,1026.11,88.21,smoke
1563337,20.5,19.59,1026.12,88.49,smoke
1564746,20.51,19.58,1026.12,88.49,smoke
1620412,20.31,20.46,1026.13,39.98,smoke
1621821,20.21,20.47,1026.12,48.26,smoke
1623230,20.17,20.44,1026.13,55.33,smoke
1624639,20.15,20.41,1026.12,61.11,smoke
1626048,20.15,20.37,1026.14,65.52,smoke
1627457,20.16,20.33,1026.12,69.25,smoke
1628866,20.18,20.29,1026.13,72.36,smoke
1630275,20.2,20.24,1026.12,74.44,smoke
1631684,20.22,20.18,1026.12,76.71,smoke
1633093,20.24,20.12,1026.12,78.48,smoke
1634502,20.26,20.06,1026.12,79.28,smoke
1635911,20.28,20.02,1026.13,80.71,smoke
1637320,20.29,19.99,1026.12,81.63,smoke
1638729,20.31,19.96,1026.12,82.82,smoke
1640138,20.32,19.92,1026.12,83.55,smoke
1641547,20.33,19.88,1026.12,84.13,smoke
1642956,20.34,19.84,1026.12,84.88,smoke
1644365,20.35,19.81,1026.11,85.05,smoke
1645774,20.35,19.78,1026.11,85.47,smoke
1647183,20.36,19.76,1026.1,86.08,smoke
1648592,20.36,19.74,1026.1,86.6,smoke
1650001,20.37,19.71,1026.1,86.96,smoke
1651410,20.37,19.7,1026.1,87.22,smoke
1652819,20.38,19.69,1026.1,87.67,smoke
1654228,20.38,19.66,1026.11,88.03,smoke
1655637,20.38,19.64,1026.1,88.67,smoke
1657046,20.38,19.62,1026.11,88.67,smoke
1658455,20.39,19.6,1026.11,88.4,smoke
1659864,20.39,19.58,1026.11,89.32,smoke
1661273,20.39,19.58,1026.11,89.04,smoke
1662682,20.4,19.57,1026.12,89.23,smoke
1664091,20.4,19.57,1026.11,89.51,smoke
1665500,20.4,19.56,1026.12,89.7,smoke
1666909,20.41,19.56,1026.12,89.89,smoke
1668318,20.41,19.55,1026.13,90.17,smoke
1669727,20.41,19.55,1026.13,89.79,smoke
1671136,20.41,19.53,1026.13,90.36,smoke
1672545,20.41,19.52,1026.13,89.98,smoke
1673954,20.41,19.5,1026.13,90.75,smoke
1675363,20.42,19.48,1026.14,90.94,smoke
1676772,20.42,19.46,1026.14,91.04,smoke
1678181,20.42,19.44,1026.14,91.43,smoke
1679590,20.42,19.43,1026.14,91.43,smoke
1680999,20.42,19.41,1026.14,91.04,smoke
1682408,20.42,19.4,1026.14,91.72,smoke
1683817,20.42,19.38,1026.15,91.43,smoke
1685226,20.42,19.37,1026.16,91.72,smoke
1686635,20.42,19.36,1026.19,91.43,smoke
1688044,20.42,19.35,1026.19,92.12,smoke
1689453,20.42,19.33,1026.13,92.22,smoke
1690862,20.42,19.34,1026.14,93.91,smoke
1692271,20.41,19.32,1026.14,92.32,smoke
1693680,20.41,19.32,1026.15,92.52,smoke
1695089,20.41,19.34,1026.16,92.42,smoke
1696498,20.41,19.37,1026.16,94.17,smoke
1697907,20.4,19.38,1026.17,93.96,smoke
1699316,20.4,19.39,1026.18,93.96,smoke
1700725,20.41,19.4,1026.17,93.96,smoke
1702134,20.4,19.41,1026.16,94.59,smoke
1703543,20.41,19.43,1026.16,95.01,smoke
1704952,20.41,19.43,1026.15,95.01,smoke
1706361,20.41,19.44,1026.14,94.43,smoke
1707770,20.42,19.44,1026.14,94.8,smoke
1709179,20.43,19.42,1026.14,94.69,smoke
1738701,20.28,20.03,1026.12,56.8,smoke
1740110,20.21,20.07,1026.11,64.05,smoke
1741519,20.18,20.07,1026.12,70.16,smoke
1742928,20.18,20.05,1026.13,74.37,smoke
1744337,20.19,20.02,1026.12,78.19,smoke
1745746,20.21,19.98,1026.12,80.33,smoke
1747155,20.22,19.93,1026.11,82.42,smoke
1748564,20.24,19.88,1026.11,84.54,smoke
1749973,20.26,19.84,1026.11,85.47,smoke
1751382,20.28,19.79,1026.11,86.08,smoke
1752791,20.3,19.75,1026.11,87.67,smoke
1754200,20.31,19.71,1026.11,88.31,smoke
1755609,20.33,19.67,1026.11,88.86,smoke
1757018,20.33,19.63,1026.11,89.7,smoke
1758427,20.34,19.6,1026.11,89.98,smoke
1759836,20.35,19.56,1026.11,90.65,smoke
1761245,20.36,19.54,1026.11,90.84,smoke
1762654,20.36,19.51,1026.12,90.94,smoke
1764063,20.36,19.48,1026.11,91.62,smoke
1765472,20.37,19.47,1026.11,91.62,smoke
1766881,20.37,19.46,1026.11,92.02,smoke
1768290,20.37,19.44,1026.11,93.86,smoke
1769699,20.38,19.43,1026.11,92.22,smoke
1771108,20.38,19.43,1026.11,94.22,smoke
1772517,20.38,19.41,1026.11,93.81,smoke
1773926,20.38,19.4,1026.12,94.59,smoke
1775335,20.38,19.38,1026.12,94.12,smoke
1776744,20.38,19.37,1026.12,94.53,smoke
1778153,20.38,19.36,1026.13,94.43,smoke
1779562,20.38,19.35,1026.13,94.9,smoke
1780971,20.38,19.34,1026.12,95.06,smoke
1782380,20.38,19.33,1026.13,94.43,smoke
1783789,20.38,19.33,1026.13,95.38,smoke
1785198,20.39,19.32,1026.13,95.01,smoke
1786607,20.39,19.31,1026.14,95.27,smoke
1788016,20.39,19.31,1026.15,95.54,smoke
1789425,20.39,19.31,1026.12,95.7,smoke
1790834,20.39,19.3,1026.12,95.86,smoke
1792243,20.39,19.3,1026.12,95.7,smoke
1793652,20.39,19.3,1026.12,95.65,smoke
1795061,20.38,19.29,1026.12,96.19,smoke
1796470,20.39,19.28,1026.11,96.24,smoke
1797879,20.39,19.28,1026.11,96.4,smoke
1799288,20.39,19.28,1026.11,96.4,smoke
1800697,20.39,19.26,1026.12,96.08,smoke
1802106,20.4,19.26,1026.12,96.46,smoke
1803515,20.4,19.26,1026.12,96.29,smoke
1804924,20.4,19.25,1026.12,96.4,smoke
1806333,20.41,19.24,1026.12,96.79,smoke
1807742,20.41,19.24,1026.13,96.29,smoke
1809151,20.42,19.24,1026.13,96.68,smoke
1810560,20.42,19.23,1026.13,96.46,smoke
1811969,20.42,19.23,1026.13,96.68,smoke
1813378,20.42,19.22,1026.13,96.84,smoke
1814787,20.43,19.22,1026.12,96.79,smoke
1816196,20.43,19.22,1026.12,97.12,smoke
1817605,20.43,19.21,1026.12,96.57,smoke
1819014,20.43,19.21,1026.12,96.68,smoke
1820423,20.43,19.2,1026.11,97.17,smoke
1821832,20.43,19.19,1026.11,96.79,smoke
1823241,20.44,19.19,1026.11,97.28,smoke
1824650,20.44,19.17,1026.11,97.34,smoke
1826059,20.44,19.16,1026.11,97.67,smoke
1827468,20.44,19.15,1026.1,97.17,smoke
1940508,20.23,20.1,1026.1,32.56,smoke
1941917,20.12,20.12,1026.11,39.94,smoke
1943326,20.06,20.11,1026.1,46.77,smoke
1944735,20.03,20.07,1026.05,53.93,smoke
1946144,20.03,20.04,1026.07,59.29,smoke
1947553,20.03,19.99,1026.12,64,smoke
1948962,20.05,19.93,1026.12,67.6,smoke
1950371,20.06,19.86,1026.11,70.33,smoke
1951780,20.08,19.79,1026.1,73.42,smoke
1953189,20.1,19.74,1026.1,75.23,smoke
1954598,20.11,19.69,1026.1,77.34,smoke
1956007,20.13,19.65,1026.1,78.84,smoke
1957416,20.15,19.61,1026.1,80.63,smoke
1958825,20.16,19.57,1026.1,82.18,smoke
1960234,20.18,19.54,1026.1,83.06,smoke
1961643,20.19,19.51,1026.1,84.04,smoke
1963052,20.2,19.49,1026.09,84.46,smoke
1964461,20.21,19.47,1026.09,85.56,smoke
1965870,20.23,19.45,1026.09,86.51,smoke
1967279,20.23,19.43,1026.09,86.87,smoke
1968688,20.24,19.41,1026.09,87.22,smoke
1970097,20.25,19.38,1026.1,88.4,smoke
1971506,20.26,19.36,1026.11,88.95,smoke
1972915,20.26,19.33,1026.12,89.51,smoke
1974324,20.27,19.29,1026.1,89.89,smoke
1975733,20.27,19.27,1026.1,90.46,smoke
1977142,20.28,19.23,1026.09,91.04,smoke
1978551,20.28,19.22,1026.09,90.94,smoke
1979960,20.29,19.21,1026.09,91.23,smoke
1981369,20.29,19.2,1026.09,91.23,smoke
1982778,20.3,19.2,1026.09,91.92,smoke
1984187,20.3,19.19,1026.08,91.82,smoke
1985596,20.3,19.18,1026.08,94.01,smoke
1987005,20.31,19.18,1026.08,94.38,smoke
1988414,20.31,19.16,1026.09,94.43,smoke
1989823,20.31,19.15,1026.08,94.64,smoke
1991232,20.32,19.15,1026.08,94.64,smoke
1992641,20.32,19.13,1026.08,95.27,smoke
1994050,20.32,19.12,1026.08,94.85,smoke
1995459,20.33,19.11,1026.08,95.43,smoke
1996868,20.33,19.1,1026.08,95.17,smoke
1998277,20.33,19.09,1026.08,95.86,smoke
1999686,20.34,19.08,1026.07,95.75,smoke
2001095,20.34,19.08,1026.07,95.92,smoke
2002504,20.34,19.07,1026.07,96.19,smoke
2003913,20.34,19.05,1026.08,96.68,smoke
2005322,20.34,19.03,1026.08,96.62,smoke
2006731,20.34,19.02,1026.08,96.95,smoke
2008140,20.34,19.01,1026.07,96.79,smoke
2009549,20.34,18.99,1026.07,97.06,smoke
2010958,20.34,18.97,1026.07,97.01,smoke
2012367,20.34,18.96,1026.07,97.45,smoke
2013776,20.34,18.94,1026.07,97.62,smoke
2015185,20.34,18.93,1026.07,97.28,smoke
2016594,20.33,18.92,1026.07,97.45,smoke
2018003,20.33,18.91,1026.06,97.78,smoke
2019412,20.33,18.91,1026.06,98.06,smoke
2020821,20.33,18.91,1026.06,97.9,smoke
2022230,20.33,18.9,1026.07,97.95,smoke
2023639,20.33,18.9,1026.08,97.84,smoke
2025048,20.33,18.89,1026.07,97.95,smoke
2026457,20.33,18.9,1026.07,98.35,smoke
2027866,20.33,18.91,1026.06,97.9,smoke
2029275,20.33,18.93,1026.06,98.4,smoke
2128246,20.14,19.82,1026.06,36.64,smoke
2129655,20.03,19.82,1026.06,44.06,smoke
2131064,19.98,19.77,1026.05,51.96,smoke
2132473,19.96,19.71,1026.07,58.16,smoke
2133882,19.96,19.67,1026.07,63.62,smoke
2135291,19.98,19.62,1026.07,68.03,smoke
2136700,19.99,19.57,1026.07,71.09,smoke
2138109,20.02,19.52,1026.07,74.12,smoke
2139518,20.04,19.48,1026.07,76.92,smoke
2140927,20.06,19.44,1026.07,78.55,smoke
2142336,20.08,19.4,1026.07,80.33,smoke
2143745,20.1,19.36,1026.07,82.1,smoke
2145154,20.12,19.32,1026.07,83.71,smoke
2146563,20.14,19.3,1026.08,84.63,smoke
2147972,20.15,19.27,1026.08,85.82,smoke
2149381,20.16,19.24,1026.08,86.87,smoke
2150790,20.18,19.2,1026.08,87.94,smoke
2152199,20.19,19.17,1026.08,88.49,smoke
2153608,20.19,19.14,1026.08,88.76,smoke
2155017,20.2,19.11,1026.08,89.98,smoke
2156426,20.21,19.08,1026.08,90.65,smoke
2157835,20.22,19.06,1026.08,91.53,smoke
2159244,20.22,19.03,1026.08,91.23,smoke
2160653,20.23,18.99,1026.08,91.72,smoke
2162062,20.23,18.96,1026.07,92.52,smoke
2163471,20.24,18.94,1026.07,94.22,smoke
2164880,20.24,18.92,1026.08,93.96,smoke
2166289,20.24,18.89,1026.08,94.64,smoke
2167698,20.24,18.88,1026.08,94.95,smoke
2169107,20.25,18.86,1026.08,95.38,smoke
2170516,20.25,18.85,1026.08,95.43,smoke
2171925,20.25,18.84,1026.08,95.75,smoke
2173334,20.25,18.83,1026.08,95.97,smoke
2174743,20.25,18.82,1026.08,96.08,smoke
2176152,20.25,18.81,1026.08,96.68,smoke
2177561,20.25,18.81,1026.08,96.29,smoke
2178970,20.25,18.8,1026.08,96.62,smoke
2180379,20.25,18.79,1026.08,96.9,smoke
2181788,20.25,18.78,1026.08,97.23,smoke
2183197,20.25,18.77,1026.08,97.73,smoke
2184606,20.25,18.76,1026.08,97.56,smoke
2186015,20.25,18.76,1026.08,97.5,smoke
2187424,20.25,18.75,1026.08,98.46,smoke
2188833,20.25,18.74,1026.08,97.95,smoke
2190242,20.25,18.73,1026.08,98.57,smoke
2191651,20.25,18.72,1026.09,98.8,smoke
2193060,20.25,18.7,1026.08,98.75,smoke
2194469,20.25,18.69,1026.09,98.69,smoke
2195878,20.25,18.69,1026.09,98.97,smoke
2197287,20.25,18.68,1026.1,98.92,smoke
2198696,20.25,18.67,1026.1,98.92,smoke
2200105,20.25,18.67,1026.1,99.15,smoke
2201514,20.24,18.66,1026.1,99.03,smoke
2202923,20.24,18.66,1026.1,99.26,smoke
2204332,20.24,18.66,1026.1,99.49,smoke
2205741,20.24,18.65,1026.11,100.08,smoke
2207150,20.24,18.65,1026.11,99.32,smoke
2208559,20.24,18.65,1026.11,99.84,smoke
2209968,20.24,18.65,1026.12,100.19,smoke
2211377,20.24,18.64,1026.12,100.31,smoke
2212786,20.24,18.65,1026.12,99.78,smoke
2214195,20.24,18.64,1026.13,99.67,smoke
2215604,20.23,18.65,1026.12,99.9,smoke
2217013,20.23,18.66,1026.12,99.78,smoke
2325969,20.03,19.85,1026.14,36.15,smoke
2327378,19.91,19.85,1026.15,43.43,smoke
2328787,19.85,19.82,1026.16,51.46,smoke
2330196,19.82,19.78,1026.1,57.26,smoke
2331605,19.82,19.74,1026.12,62.78,smoke
2333014,19.83,19.69,1026.16,67.39,smoke
2334423,19.84,19.62,1026.16,70.68,smoke
2335832,19.86,19.57,1026.16,73.8,smoke
2337241,19.87,19.52,1026.16,76.51,smoke
2338650,19.89,19.46,1026.15,78.84,smoke
2340059,19.91,19.41,1026.16,80.86,smoke
2341468,19.92,19.35,1026.15,81.95,smoke
2342877,19.94,19.3,1026.15,83.47,smoke
2344286,19.95,19.26,1026.15,85.47,smoke
2345695,19.96,19.21,1026.15,86.08,smoke
2347104,19.97,19.17,1026.14,86.6,smoke
2348513,19.98,19.14,1026.14,87.85,smoke
2349922,19.99,19.11,1026.15,88.86,smoke
2351331,20,19.07,1026.14,89.42,smoke
2352740,20,19.05,1026.14,90.36,smoke
2354149,20.01,19.01,1026.14,90.56,smoke
2355558,20.02,18.98,1026.14,91.43,smoke
2356967,20.02,18.96,1026.14,92.02,smoke
2358376,20.03,18.93,1026.14,93.81,smoke
2359785,20.03,18.92,1026.13,94.12,smoke
2361194,20.03,18.89,1026.14,94.64,smoke
2362603,20.04,18.88,1026.13,95.06,smoke
2364012,20.04,18.87,1026.13,95.33,smoke
2365421,20.04,18.85,1026.13,95.7,smoke
2366830,20.05,18.84,1026.13,96.19,smoke
2368239,20.05,18.83,1026.13,95.97,smoke
2369648,20.05,18.82,1026.13,96.29,smoke
2371057,20.06,18.82,1026.13,96.68,smoke
2372466,20.06,18.8,1026.13,96.51,smoke
2373875,20.06,18.8,1026.13,97.17,smoke
2375284,20.06,18.79,1026.13,97.39,smoke
2376693,20.07,18.78,1026.13,97.67,smoke
2378102,20.07,18.78,1026.13,97.84,smoke
2379511,20.07,18.77,1026.13,98.18,smoke
2380920,20.07,18.75,1026.13,98.12,smoke
2382329,20.08,18.75,1026.14,98.23,smoke
2383738,20.08,18.74,1026.13,98.35,smoke
2385147,20.08,18.74,1026.13,98.46,smoke
2386556,20.08,18.74,1026.13,98.29,smoke
2387965,20.08,18.73,1026.13,99.32,smoke
2389374,20.08,18.72,1026.13,99.03,smoke
2390783,20.08,18.72,1026.13,99.32,smoke
2392192,20.08,18.71,1026.14,98.97,smoke
2393601,20.08,18.71,1026.13,99.32,smoke
2395010,20.08,18.69,1026.13,99.96,smoke
2396419,20.08,18.69,1026.13,100.08,smoke
2397828,20.08,18.69,1026.14,99.73,smoke
2399237,20.08,18.68,1026.14,100.02,smoke
2400646,20.08,18.68,1026.14,100.19,smoke
2402055,20.08,18.67,1026.14,100.73,smoke
2403464,20.08,18.67,1026.14,100.37,smoke
2404873,20.08,18.66,1026.14,100.25,smoke
2406282,20.08,18.65,1026.14,100.91,smoke
2407691,20.08,18.65,1026.13,100.37,smoke
2409100,20.08,18.64,1026.13,100.43,smoke
2410509,20.08,18.64,1026.14,100.73,smoke
2411918,20.08,18.64,1026.14,101.32,smoke
2413327,20.08,18.64,1026.14,101.26,smoke
2414736,20.08,18.65,1026.14,101.03,smoke
4555386,18.42,22.6,1026.62,82.58,fragrance
4556795,18.4,22.61,1026.61,85.39,fragrance
4558204,18.4,22.59,1026.61,87.04,fragrance
4559613,18.4,22.56,1026.61,88.76,fragrance
4561022,18.42,22.55,1026.61,89.51,fragrance
4562431,18.43,22.53,1026.61,89.7,fragrance
4563840,18.44,22.52,1026.61,86.6,fragrance
4565249,18.46,22.55,1026.61,86.34,fragrance
4566658,18.47,22.58,1026.61,86.34,fragrance
4568067,18.48,22.62,1026.61,85.47,fragrance
4569476,18.49,22.65,1026.61,86.25,fragrance
4570885,18.51,22.66,1026.61,87.4,fragrance
4572294,18.52,22.66,1026.61,88.12,fragrance
4573703,18.53,22.63,1026.62,88.03,fragrance
4575112,18.53,22.6,1026.62,88.67,fragrance
4576521,18.54,22.59,1026.62,87.76,fragrance
4577930,18.55,22.57,1026.62,87.58,fragrance
4579339,18.55,22.56,1026.62,86.25,fragrance
4580748,18.56,22.55,1026.62,85.47,fragrance
4582157,18.57,22.54,1026.62,84.46,fragrance
4583566,18.57,22.53,1026.62,84.04,fragrance
4584975,18.57,22.55,1026.62,83.88,fragrance
4586384,18.58,22.56,1026.61,82.5,fragrance
4587793,18.58,22.58,1026.62,81.71,fragrance
4589202,18.58,22.59,1026.62,80.25,fragrance
4590611,18.59,22.62,1026.62,78.62,fragrance
4592020,18.59,22.66,1026.62,78.62,fragrance
4593429,18.59,22.7,1026.63,79.72,fragrance
4594838,18.6,22.73,1026.63,80.48,fragrance
4596247,18.6,22.73,1026.63,82.18,fragrance
4597656,18.6,22.72,1026.63,83.22,fragrance
4599065,18.61,22.69,1026.62,84.29,fragrance
4600474,18.61,22.65,1026.63,84.54,fragrance
4601883,18.62,22.6,1026.63,84.46,fragrance
4603292,18.62,22.57,1026.63,84.71,fragrance
4604701,18.63,22.54,1026.64,84.38,fragrance
4606110,18.63,22.51,1026.64,84.46,fragrance
4607519,18.63,22.49,1026.64,82.98,fragrance
4608928,18.64,22.48,1026.64,78.19,fragrance
4610337,18.64,22.47,1026.65,75.03,fragrance
4611746,18.64,22.46,1026.65,75.76,fragrance
4613155,18.65,22.43,1026.65,76.78,fragrance
4614564,18.65,22.39,1026.66,78.62,fragrance
4615973,18.66,22.34,1026.66,80.71,fragrance
4617382,18.66,22.27,1026.65,82.9,fragrance
4618791,18.66,22.2,1026.66,83.63,fragrance
4620200,18.67,22.13,1026.65,85.47,fragrance
4621609,18.67,22.06,1026.65,86.51,fragrance
4623018,18.67,22.01,1026.65,87.67,fragrance
4624427,18.68,21.94,1026.65,87.85,fragrance
4625836,18.68,21.89,1026.64,89.42,fragrance
4627245,18.68,21.84,1026.65,89.98,fragrance
4628654,18.68,21.79,1026.65,89.89,fragrance
4630063,18.69,21.75,1026.64,89.79,fragrance
4631472,18.69,21.72,1026.64,89.79,fragrance
4632881,18.69,21.71,1026.64,89.98,fragrance
4634290,18.69,21.7,1026.64,91.43,fragrance
4635699,18.7,21.7,1026.64,91.43,fragrance
4637108,18.7,21.7,1026.64,92.12,fragrance
4638517,18.7,21.71,1026.63,92.12,fragrance
4639926,18.71,21.72,1026.62,93.81,fragrance
4641335,18.71,21.73,1026.62,94.53,fragrance
4642744,18.71,21.75,1026.62,94.85,fragrance
4644153,18.72,21.76,1026.62,95.43,fragrance
4674416,18.58,22.35,1026.61,58.2,fragrance
4675824,18.52,22.29,1026.6,64.78,fragrance
4677233,18.49,22.21,1026.6,70.44,fragrance
4678642,18.49,22.13,1026.6,75.16,fragrance
4680051,18.51,22.05,1026.6,78.33,fragrance
4681460,18.53,21.97,1026.59,80.03,fragrance
4682869,18.55,21.91,1026.59,82.26,fragrance
4684278,18.57,21.85,1026.59,83.47,fragrance
4685687,18.6,21.79,1026.59,82.82,fragrance
4687096,18.62,21.74,1026.6,82.18,fragrance
4688505,18.64,21.71,1026.6,81.79,fragrance
4689914,18.66,21.69,1026.59,79.72,fragrance
4691323,18.67,21.68,1026.6,79.58,fragrance
4692732,18.69,21.67,1026.61,79.28,fragrance
4694141,18.7,21.65,1026.61,78.77,fragrance
4695550,18.72,21.64,1026.61,80.03,fragrance
4696959,18.73,21.62,1026.62,80.93,fragrance
4698368,18.74,21.6,1026.63,82.98,fragrance
4699777,18.75,21.57,1026.63,84.13,fragrance
4701186,18.76,21.54,1026.63,85.56,fragrance
4702595,18.77,21.52,1026.64,87.04,fragrance
4704004,18.77,21.51,1026.64,87.4,fragrance
4705413,18.78,21.52,1026.64,88.12,fragrance
4706822,18.79,21.54,1026.65,88.03,fragrance
4708231,18.8,21.55,1026.65,88.86,fragrance
4709640,18.81,21.57,1026.65,89.04,fragrance
4711049,18.82,21.57,1026.66,87.76,fragrance
4712458,18.83,21.59,1026.66,85.73,fragrance
4713867,18.83,21.6,1026.66,84.8,fragrance
4715276,18.84,21.62,1026.67,85.05,fragrance
4716685,18.85,21.64,1026.67,85.56,fragrance
4718094,18.86,21.64,1026.67,86.96,fragrance
4719503,18.86,21.64,1026.67,87.94,fragrance
4720912,18.87,21.62,1026.66,88.86,fragrance
4722321,18.87,21.61,1026.66,89.04,fragrance
4723730,18.88,21.61,1026.66,88.86,fragrance
4725139,18.89,21.6,1026.66,86.08,fragrance
4726548,18.89,21.6,1026.65,84.8,fragrance
4727957,18.9,21.59,1026.65,84.29,fragrance
4729366,18.9,21.59,1026.65,82.9,fragrance
4730775,18.91,21.6,1026.65,80.4,fragrance
4732184,18.91,21.59,1026.65,81.95,fragrance
4733593,18.92,21.56,1026.65,84.38,fragrance
4735002,18.92,21.54,1026.65,85.65,fragrance
4736411,18.93,21.51,1026.66,86.34,fragrance
4737820,18.93,21.5,1026.66,87.04,fragrance
4739229,18.94,21.49,1026.65,88.4,fragrance
4740638,18.94,21.48,1026.65,89.32,fragrance
4742047,18.94,21.48,1026.65,89.04,fragrance
4743456,18.95,21.47,1026.65,89.04,fragrance
4744865,18.95,21.48,1026.65,88.4,fragrance
4746274,18.96,21.48,1026.65,88.49,fragrance
4747683,18.96,21.48,1026.65,88.58,fragrance
4749092,18.96,21.49,1026.65,88.49,fragrance
4750501,18.97,21.48,1026.65,88.86,fragrance
4751910,18.97,21.48,1026.65,88.03,fragrance
4753319,18.98,21.48,1026.65,87.04,fragrance
4754728,18.98,21.49,1026.65,85.73,fragrance
4756137,18.99,21.49,1026.65,84.8,fragrance
4757546,18.99,21.49,1026.65,82.98,fragrance
4758955,19,21.5,1026.65,82.5,fragrance
4760364,19,21.49,1026.65,82.66,fragrance
4761773,19.01,21.48,1026.65,85.47,fragrance
4763182,19.01,21.46,1026.65,87.94,fragrance
4824174,18.86,22.38,1026.65,43.21,fragrance
4825583,18.8,22.26,1026.66,51.06,fragrance
4826992,18.77,22.1,1026.66,57.88,fragrance
4828401,18.77,21.94,1026.66,63.48,fragrance
4829810,18.78,21.78,1026.66,63.52,fragrance
4831219,18.8,21.64,1026.66,65.02,fragrance
4832628,18.82,21.51,1026.66,68.47,fragrance
4834037,18.84,21.4,1026.68,71.99,fragrance
4835446,18.86,21.3,1026.7,73.54,fragrance
4836855,18.88,21.21,1026.69,74.57,fragrance
4838264,18.9,21.14,1026.69,72.42,fragrance
4839673,18.91,21.04,1026.68,64,fragrance
4841082,18.91,20.87,1026.68,66.7,fragrance
4842491,18.91,20.69,1026.68,71.09,fragrance
4843900,18.91,20.55,1026.69,75.23,fragrance
4845309,18.91,20.42,1026.67,78.19,fragrance
4846718,18.91,20.37,1026.66,79.28,fragrance
4848127,18.92,20.38,1026.66,78.7,fragrance
4849536,18.92,20.41,1026.65,77.48,fragrance
4850945,18.93,20.45,1026.65,77.34,fragrance
4852354,18.93,20.46,1026.64,79.43,fragrance
4853763,18.93,20.47,1026.63,80.55,fragrance
4855172,18.93,20.48,1026.63,76.65,fragrance
4856581,18.94,20.52,1026.63,72.79,fragrance
4857990,18.94,20.55,1026.63,71.15,fragrance
4859399,18.95,20.6,1026.63,71.27,fragrance
4860808,18.96,20.64,1026.63,72.42,fragrance
4862217,18.96,20.7,1026.63,73.42,fragrance
4863626,18.97,20.75,1026.63,73.48,fragrance
4865035,18.98,20.79,1026.64,73.29,fragrance
4866444,18.98,20.82,1026.64,72.29,fragrance
4867853,18.99,20.86,1026.64,67.87,fragrance
4869262,19,20.87,1026.64,69.87,fragrance
4870671,19,20.89,1026.65,74.44,fragrance
4872080,19.01,20.91,1026.65,78.12,fragrance
4873489,19.01,20.93,1026.65,80.48,fragrance
4874898,19.02,20.93,1026.66,82.34,fragrance
4876307,19.03,20.94,1026.66,83.47,fragrance
4877716,19.03,20.93,1026.66,85.99,fragrance
4879125,19.03,20.9,1026.66,86.34,fragrance
4880534,19.04,20.85,1026.66,83.63,fragrance
4881943,19.04,20.81,1026.66,83.39,fragrance
4883352,19.05,20.76,1026.67,84.13,fragrance
4884761,19.05,20.72,1026.67,85.82,fragrance
4886170,19.06,20.66,1026.67,86.25,fragrance
4887579,19.06,20.63,1026.66,87.94,fragrance
4888988,19.06,20.59,1026.67,88.86,fragrance
4890397,19.07,20.55,1026.67,90.17,fragrance
4891806,19.07,20.51,1026.67,90.84,fragrance
4893215,19.08,20.47,1026.67,90.75,fragrance
4894624,19.08,20.43,1026.67,87.22,fragrance
4896033,19.08,20.41,1026.67,84.96,fragrance
4897442,19.09,20.38,1026.67,85.39,fragrance
4898851,19.09,20.35,1026.67,86.78,fragrance
4900260,19.1,20.32,1026.67,87.85,fragrance
4901669,19.1,20.31,1026.66,88.95,fragrance
4903078,19.11,20.28,1026.67,89.6,fragrance
4904487,19.11,20.26,1026.66,90.94,fragrance
4905896,19.12,20.25,1026.66,91.14,fragrance
4907305,19.12,20.22,1026.66,91.72,fragrance
4908714,19.13,20.21,1026.66,91.82,fragrance
4910123,19.13,20.2,1026.66,90.36,fragrance
4911532,19.14,20.21,1026.65,85.3,fragrance
4912941,19.14,20.27,1026.65,66.13,fragrance
5005656,19,21.75,1026.64,34.1,fragrance
5007065,18.94,21.71,1026.64,41.05,fragrance
5008474,18.93,21.64,1026.64,48.07,fragrance
5009883,18.93,21.57,1026.64,54.07,fragrance
5011292,18.94,21.49,1026.64,58.47,fragrance
5012701,18.97,21.43,1026.64,61.91,fragrance
5014110,18.99,21.37,1026.64,64.92,fragrance
5015519,19.02,21.3,1026.65,67.12,fragrance
5016928,19.04,21.25,1026.65,68.74,fragrance
5018337,19.06,21.21,1026.64,71.09,fragrance
5019746,19.08,21.14,1026.65,73.29,fragrance
5021155,19.1,21.09,1026.65,75.16,fragrance
5022564,19.12,21.04,1026.64,76.58,fragrance
5023973,19.14,20.98,1026.64,77.69,fragrance
5025382,19.15,20.93,1026.65,78.7,fragrance
5026791,19.17,20.9,1026.65,80.1,fragrance
5028200,19.18,20.87,1026.66,80.78,fragrance
5029609,19.19,20.85,1026.66,81.79,fragrance
5031018,19.2,20.82,1026.68,82.74,fragrance
5032427,19.21,20.81,1026.7,83.22,fragrance
5033836,19.22,20.8,1026.7,82.82,fragrance
5035245,19.23,20.78,1026.7,84.04,fragrance
5036654,19.24,20.77,1026.69,84.29,fragrance
5038063,19.24,20.78,1026.69,85.22,fragrance
5039472,19.25,20.78,1026.69,86.43,fragrance
5040881,19.26,20.79,1026.69,86.43,fragrance
5042290,19.27,20.78,1026.69,86.6,fragrance
5043699,19.28,20.77,1026.69,86.87,fragrance
5045108,19.28,20.75,1026.68,87.22,fragrance
5046517,19.29,20.73,1026.69,87.22,fragrance
5047926,19.3,20.71,1026.69,87.85,fragrance
5049335,19.31,20.68,1026.69,87.58,fragrance
5050744,19.31,20.67,1026.69,87.76,fragrance
5052153,19.32,20.64,1026.69,88.67,fragrance
5053562,19.33,20.62,1026.69,88.58,fragrance
5054971,19.33,20.58,1026.69,89.14,fragrance
5056380,19.34,20.54,1026.69,89.7,fragrance
5057789,19.35,20.49,1026.7,90.56,fragrance
5059198,19.35,20.44,1026.71,91.23,fragrance
5060607,19.36,20.4,1026.7,91.14,fragrance
5062016,19.37,20.36,1026.7,91.33,fragrance
5063425,19.37,20.32,1026.7,91.92,fragrance
5064834,19.38,20.29,1026.7,92.42,fragrance
5066243,19.38,20.26,1026.7,91.92,fragrance
5067652,19.39,20.23,1026.7,92.42,fragrance
5069061,19.39,20.2,1026.7,93.91,fragrance
5070470,19.4,20.18,1026.71,94.06,fragrance
5071879,19.4,20.18,1026.72,93.81,fragrance
5073288,19.41,20.17,1026.72,93.96,fragrance
5074697,19.41,20.17,1026.72,94.12,fragrance
5076106,19.42,20.17,1026.71,93.96,fragrance
5077515,19.42,20.17,1026.71,94.17,fragrance
5078924,19.43,20.17,1026.72,94.06,fragrance
5080333,19.43,20.17,1026.73,94.48,fragrance
5081742,19.44,20.17,1026.74,94.69,fragrance
5083151,19.44,20.17,1026.74,94.53,fragrance
5084560,19.45,20.17,1026.74,94.43,fragrance
5085969,19.45,20.18,1026.74,94.22,fragrance
5087378,19.46,20.18,1026.74,93.91,fragrance
5088787,19.46,20.18,1026.74,94.06,fragrance
5090196,19.47,20.18,1026.74,94.22,fragrance
5091605,19.47,20.18,1026.73,94.12,fragrance
5093014,19.47,20.18,1026.73,94.12,fragrance
5094423,19.48,20.18,1026.73,94.48,fragrance
5143040,19.33,21.23,1026.73,48.64,fragrance
5144448,19.26,21.18,1026.73,55.18,fragrance
5145857,19.23,21.11,1026.74,60.94,fragrance
5147266,19.23,21.03,1026.76,64.97,fragrance
5148675,19.24,20.94,1026.77,68.63,fragrance
5150084,19.25,20.85,1026.75,71.87,fragrance
5151493,19.27,20.75,1026.74,66.54,fragrance
5152902,19.27,20.58,1026.73,50.36,fragrance
5154311,19.26,20.35,1026.73,50.84,fragrance
5155720,19.25,20.13,1026.73,55.72,fragrance
5157129,19.25,19.93,1026.73,58.27,fragrance
5158538,19.25,19.82,1026.73,62.59,fragrance
5159947,19.25,19.77,1026.73,66.29,fragrance
5161356,19.25,19.75,1026.74,69.08,fragrance
5162765,19.26,19.75,1026.75,72.05,fragrance
5164174,19.26,19.76,1026.76,73.42,fragrance
5165583,19.27,19.78,1026.77,74.05,fragrance
5166992,19.28,19.79,1026.78,75.9,fragrance
5168401,19.28,19.79,1026.78,76.17,fragrance
5169810,19.29,19.78,1026.79,77.2,fragrance
5171219,19.29,19.77,1026.8,79.13,fragrance
5172628,19.3,19.74,1026.81,81.09,fragrance
5174037,19.3,19.71,1026.82,82.9,fragrance
5175446,19.31,19.69,1026.82,84.63,fragrance
5176855,19.32,19.68,1026.84,85.22,fragrance
5178264,19.32,19.68,1026.84,86.25,fragrance
5179673,19.32,19.68,1026.83,85.73,fragrance
5181082,19.33,19.69,1026.83,84.71,fragrance
5182491,19.33,19.7,1026.83,82.1,fragrance
5183900,19.34,19.7,1026.84,80.78,fragrance
5185309,19.34,19.7,1026.85,76.23,fragrance
5186718,19.35,19.7,1026.85,74.05,fragrance
5188127,19.35,19.7,1026.84,72.73,fragrance
5189536,19.36,19.69,1026.85,74.18,fragrance
5190945,19.36,19.68,1026.85,77.13,fragrance
5192354,19.37,19.64,1026.84,80.03,fragrance
5193763,19.37,19.62,1026.83,83.22,fragrance
5195172,19.37,19.58,1026.82,84.8,fragrance
5196581,19.38,19.54,1026.83,85.13,fragrance
5197990,19.38,19.52,1026.83,85.47,fragrance
5199399,19.38,19.51,1026.84,84.71,fragrance
5200808,19.39,19.49,1026.84,83.63,fragrance
5202217,19.39,19.48,1026.84,83.39,fragrance
5203626,19.39,19.47,1026.84,81.4,fragrance
5205035,19.4,19.47,1026.85,72.36,fragrance
5206444,19.4,19.47,1026.85,64.29,fragrance
5207853,19.4,19.48,1026.84,66.65,fragrance
5209262,19.41,19.48,1026.84,71.15,fragrance
5210671,19.41,19.46,1026.84,74.57,fragrance
5212080,19.41,19.45,1026.84,75.96,fragrance
5213489,19.41,19.44,1026.83,79.72,fragrance
5214898,19.42,19.43,1026.83,82.66,fragrance
5216307,19.42,19.42,1026.82,85.56,fragrance
5217716,19.42,19.42,1026.82,87.67,fragrance
5219125,19.42,19.41,1026.81,89.04,fragrance
5220534,19.42,19.4,1026.79,89.89,fragrance
5221943,19.43,19.4,1026.79,90.27,fragrance
5223352,19.43,19.41,1026.78,90.75,fragrance
5224761,19.43,19.4,1026.77,89.23,fragrance
5226170,19.43,19.4,1026.76,88.31,fragrance
5227579,19.44,19.39,1026.76,88.31,fragrance
5228988,19.44,19.39,1026.75,88.49,fragrance
5230397,19.45,19.4,1026.75,88.58,fragrance
5231806,19.45,19.4,1026.75,89.6,fragrance
5239775,19.35,19.66,1026.74,77.27,fragrance
5241183,19.31,19.7,1026.73,81.71,fragrance
5242592,19.3,19.72,1026.72,84.88,fragrance
5244001,19.31,19.72,1026.72,86.69,fragrance
5245410,19.32,19.7,1026.72,88.49,fragrance
5246819,19.34,19.69,1026.72,88.95,fragrance
5248228,19.36,19.69,1026.71,90.46,fragrance
5249637,19.37,19.69,1026.71,90.84,fragrance
5251046,19.39,19.7,1026.71,91.53,fragrance
5252455,19.41,19.7,1026.71,92.02,fragrance
5253864,19.42,19.69,1026.71,92.22,fragrance
5255273,19.44,19.68,1026.71,94.12,fragrance
5256682,19.45,19.67,1026.71,94.8,fragrance
5258091,19.46,19.64,1026.72,94.8,fragrance
5259500,19.47,19.61,1026.72,95.11,fragrance
5260909,19.48,19.59,1026.72,95.43,fragrance
5262318,19.49,19.56,1026.73,96.02,fragrance
5263727,19.49,19.54,1026.73,95.38,fragrance
5265136,19.5,19.52,1026.73,95.38,fragrance
5266545,19.5,19.5,1026.73,95.75,fragrance
5267954,19.51,19.49,1026.74,96.29,fragrance
5269363,19.51,19.48,1026.74,96.73,fragrance
5270772,19.52,19.46,1026.74,96.29,fragrance
5272181,19.52,19.46,1026.74,97.01,fragrance
5273590,19.52,19.45,1026.74,96.02,fragrance
5274999,19.53,19.45,1026.73,96.57,fragrance
5276408,19.53,19.45,1026.74,96.29,fragrance
5277817,19.54,19.44,1026.74,96.19,fragrance
5279226,19.54,19.45,1026.74,96.68,fragrance
5280635,19.54,19.44,1026.74,96.29,fragrance
5282044,19.55,19.45,1026.74,96.08,fragrance
5283453,19.55,19.46,1026.74,96.02,fragrance
5284862,19.55,19.45,1026.74,96.51,fragrance
5286271,19.56,19.46,1026.74,95.92,fragrance
5287680,19.56,19.46,1026.74,96.13,fragrance
5289089,19.56,19.45,1026.74,95.01,fragrance
5290498,19.57,19.45,1026.74,95.59,fragrance
5291907,19.57,19.44,1026.74,95.59,fragrance
5293316,19.58,19.44,1026.74,95.38,fragrance
5294725,19.58,19.44,1026.75,95.54,fragrance
5296134,19.58,19.43,1026.75,95.75,fragrance
5297543,19.59,19.43,1026.76,95.54,fragrance
5298952,19.59,19.43,1026.76,94.48,fragrance
5300361,19.59,19.43,1026.77,94.43,fragrance
5301770,19.6,19.43,1026.78,94.12,fragrance
5303179,19.6,19.44,1026.77,94.12,fragrance
5304588,19.61,19.44,1026.78,94.01,fragrance
5305997,19.61,19.44,1026.78,93.91,fragrance
5307406,19.61,19.45,1026.79,93.91,fragrance
5308815,19.62,19.46,1026.79,93.91,fragrance
5310224,19.62,19.46,1026.79,94.17,fragrance
5311633,19.62,19.47,1026.79,93.81,fragrance
5313042,19.63,19.47,1026.79,92.02,fragrance
5314451,19.63,19.48,1026.8,94.01,fragrance
5315860,19.64,19.49,1026.8,93.86,fragrance
5317269,19.64,19.5,1026.8,94.06,fragrance
5318678,19.64,19.5,1026.79,94.48,fragrance
5320087,19.65,19.51,1026.79,94.64,fragrance
5321496,19.65,19.51,1026.79,95.54,fragrance
5322905,19.65,19.51,1026.8,95.43,fragrance
5324314,19.66,19.51,1026.79,95.65,fragrance
5325723,19.66,19.51,1026.8,95.43,fragrance
5327132,19.66,19.52,1026.8,95.81,fragrance
5328541,19.67,19.51,1026.81,95.59,fragrance
5655641,19.53,20.75,1026.8,19.21,fragrance
5657050,19.48,20.72,1026.79,24.21,fragrance
5658459,19.46,20.66,1026.79,28.94,fragrance
5659868,19.47,20.59,1026.79,33.56,fragrance
5661277,19.49,20.51,1026.79,38.15,fragrance
5662686,19.51,20.44,1026.8,42.19,fragrance
5664095,19.53,20.37,1026.81,46.06,fragrance
5665504,19.56,20.3,1026.81,50.36,fragrance
5666913,19.58,20.23,1026.81,53.39,fragrance
5668322,19.61,20.17,1026.81,56.84,fragrance
5669731,19.63,20.11,1026.83,59.04,fragrance
5671140,19.65,20.06,1026.82,61.29,fragrance
5672549,19.67,20.02,1026.82,63.62,fragrance
5673958,19.69,19.98,1026.82,65.47,fragrance
5675367,19.7,19.96,1026.83,67.92,fragrance
5676776,19.71,19.93,1026.83,68.85,fragrance
5678185,19.73,19.91,1026.83,70.16,fragrance
5679594,19.74,19.89,1026.83,71.75,fragrance
5681003,19.75,19.89,1026.84,72.85,fragrance
5682412,19.76,19.88,1026.84,73.67,fragrance
5683821,19.77,19.88,1026.84,74.44,fragrance
5685230,19.78,19.88,1026.85,75.69,fragrance
5686639,19.79,19.88,1026.85,76.51,fragrance
5688048,19.8,19.89,1026.85,76.85,fragrance
5689457,19.81,19.88,1026.85,77.62,fragrance
5690866,19.81,19.88,1026.85,77.91,fragrance
5692275,19.82,19.88,1026.85,78.55,fragrance
5693684,19.83,19.87,1026.86,78.55,fragrance
5695093,19.83,19.86,1026.86,78.91,fragrance
5696502,19.84,19.86,1026.87,79.28,fragrance
5697911,19.85,19.85,1026.87,80.17,fragrance
5699320,19.85,19.84,1026.87,81.17,fragrance
5700729,19.86,19.84,1026.86,81.71,fragrance
5702138,19.87,19.83,1026.87,82.58,fragrance
5703547,19.87,19.82,1026.86,82.66,fragrance
5704956,19.88,19.81,1026.85,83.31,fragrance
5706365,19.88,19.79,1026.85,84.13,fragrance
5707774,19.88,19.78,1026.85,84.46,fragrance
5709183,19.89,19.76,1026.85,85.05,fragrance
5710592,19.89,19.76,1026.85,84.63,fragrance
5712001,19.9,19.75,1026.85,85.39,fragrance
5713410,19.9,19.73,1026.85,85.3,fragrance
5714819,19.91,19.71,1026.84,85.82,fragrance
5716228,19.91,19.69,1026.84,86.17,fragrance
5717637,19.92,19.65,1026.84,86.08,fragrance
5719046,19.92,19.64,1026.84,86.6,fragrance
5720455,19.93,19.63,1026.84,86.43,fragrance
5721864,19.93,19.63,1026.84,86.96,fragrance
5723273,19.93,19.64,1026.84,86.69,fragrance
5724682,19.94,19.64,1026.85,87.13,fragrance
5726091,19.95,19.64,1026.85,87.94,fragrance
5727500,19.95,19.64,1026.85,87.58,fragrance
5728909,19.95,19.64,1026.85,88.4,fragrance
5730318,19.96,19.63,1026.86,87.94,fragrance
5731727,19.96,19.61,1026.86,88.4,fragrance
5733136,19.97,19.59,1026.86,88.49,fragrance
5734545,19.97,19.57,1026.86,89.14,fragrance
5735954,19.97,19.55,1026.86,89.32,fragrance
5737363,19.98,19.53,1026.86,89.32,fragrance
5738772,19.98,19.52,1026.86,89.79,fragrance
5740181,19.98,19.53,1026.87,90.36,fragrance
5741590,19.98,19.54,1026.86,89.89,fragrance
5742999,19.99,19.55,1026.87,90.17,fragrance
5744408,19.99,19.58,1026.87,89.79,fragrance
6061766,19.84,20.08,1026.86,19.62,fragrance
6063175,19.77,20.06,1026.86,24.26,fragrance
6064584,19.74,20.01,1026.87,28.82,fragrance
6065993,19.74,19.95,1026.88,33.14,fragrance
6067402,19.75,19.89,1026.88,37.25,fragrance
6068811,19.77,19.82,1026.88,41.41,fragrance
6070220,19.79,19.76,1026.89,45.04,fragrance
6071629,19.81,19.71,1026.88,48.81,fragrance
6073038,19.84,19.66,1026.88,51.83,fragrance
6074447,19.86,19.61,1026.88,54.48,fragrance
6075856,19.88,19.57,1026.88,57.18,fragrance
6077265,19.9,19.53,1026.88,59.66,fragrance
6078674,19.91,19.5,1026.88,61.64,fragrance
6080083,19.93,19.48,1026.89,63.86,fragrance
6081492,19.95,19.46,1026.89,65.22,fragrance
6082901,19.96,19.44,1026.9,67.23,fragrance
6084310,19.97,19.42,1026.89,68.19,fragrance
6085719,19.98,19.41,1026.89,69.87,fragrance
6087128,19.99,19.4,1026.89,71.09,fragrance
6088537,20,19.4,1026.89,72.17,fragrance
6089946,20.01,19.4,1026.89,73.42,fragrance
6091355,20.01,19.39,1026.89,73.86,fragrance
6092764,20.02,19.39,1026.88,75.23,fragrance
6094173,20.03,19.39,1026.88,75.76,fragrance
6095582,20.04,19.39,1026.88,76.65,fragrance
6096991,20.04,19.39,1026.88,76.65,fragrance
6098400,20.05,19.4,1026.89,76.99,fragrance
6099809,20.06,19.4,1026.89,77.27,fragrance
6101218,20.06,19.4,1026.89,77.06,fragrance
6102627,20.07,19.4,1026.89,76.92,fragrance
6104036,20.08,19.39,1026.9,77.41,fragrance
6105445,20.08,19.38,1026.9,78.41,fragrance
6106854,20.09,19.36,1026.9,78.91,fragrance
6108263,20.09,19.35,1026.9,78.91,fragrance
6109672,20.1,19.34,1026.9,79.58,fragrance
6111081,20.1,19.33,1026.9,80.33,fragrance
6112490,20.11,19.32,1026.91,80.78,fragrance
6113899,20.11,19.3,1026.91,80.93,fragrance
6115308,20.12,19.29,1026.91,81.71,fragrance
6116717,20.12,19.27,1026.92,82.02,fragrance
6118126,20.13,19.26,1026.92,82.18,fragrance
6119535,20.13,19.25,1026.92,82.66,fragrance
6120944,20.13,19.24,1026.93,83.14,fragrance
6122353,20.14,19.22,1026.93,83.22,fragrance
6123762,20.14,19.22,1026.93,83.31,fragrance
6125171,20.14,19.21,1026.93,83.55,fragrance
6126580,20.15,19.2,1026.93,84.13,fragrance
6127989,20.15,19.2,1026.92,84.63,fragrance
6129398,20.15,19.19,1026.92,84.88,fragrance
6130807,20.16,19.19,1026.93,85.47,fragrance
6132216,20.16,19.18,1026.94,85.82,fragrance
6133625,20.16,19.16,1026.94,86.17,fragrance
6135034,20.16,19.12,1026.93,86.69,fragrance
6136443,20.16,19.08,1026.93,86.78,fragrance
6137852,20.16,19.06,1026.92,86.25,fragrance
6139261,20.16,19.04,1026.92,86.43,fragrance
6140670,20.16,19.04,1026.92,86.17,fragrance
6142079,20.16,19.05,1026.92,86.96,fragrance
6143488,20.17,19.04,1026.92,87.13,fragrance
6144897,20.17,19.05,1026.91,87.49,fragrance
6146306,20.17,19.04,1026.91,88.4,fragrance
6147715,20.17,19.04,1026.9,88.95,fragrance
6149124,20.17,19.03,1026.9,89.14,fragrance
6150533,20.17,19.04,1026.9,89.14,fragrance